id,name,email,createdAt,updatedAt
cmfuisaz10000izy8hurkumf3,Ms. Candice Gibson,Iva_Padberg@yahoo.com,2025-09-22 02:41:24.108,2025-09-22 02:41:24.108
cmfuisb6o0001izy8qqulk0q8,Randy Macejkovic,Ollie.Sauer42@hotmail.com,2025-09-22 02:41:24.108,2025-09-22 02:41:24.108
cmfuisb6y0002izy8nw35jxlw,Glenn Thiel,Serena77@yahoo.com,2025-09-22 02:41:24.108,2025-09-22 02:41:24.108
cmfuisb6z0003izy845mk9nbl,Sadie Kemmer,Florida.Lakin41@yahoo.com,2025-09-22 02:41:24.108,2025-09-22 02:41:24.108
cmfuisb7t0004izy8g3wkgbh6,William Farrell,Johann.Nicolas92@gmail.com,2025-09-22 02:41:24.108,2025-09-22 02:41:24.108
cmfuisb7u0005izy88dl3lnjj,Blanche Hansen,Vito.Hagenes92@yahoo.com,2025-09-22 02:41:24.108,2025-09-22 02:41:24.108
cmfuisb7u0006izy8ra7bkz3p,Laurie Marquardt,Kristian_Bosco@hotmail.com,2025-09-22 02:41:24.108,2025-09-22 02:41:24.108
cmfuisb7v0007izy8ya8zna6f,Estelle Hamill,Nyah.Boyle28@gmail.com,2025-09-22 02:41:24.108,2025-09-22 02:41:24.108
cmfuisb7v0008izy81r3odl5k,Amanda Corwin,Nannie25@yahoo.com,2025-09-22 02:41:24.108,2025-09-22 02:41:24.108
cmfuisb830009izy8mfsu1ww5,Julian Mohr Sr.,Verner.Bahringer@yahoo.com,2025-09-22 02:41:24.108,2025-09-22 02:41:24.108
cmfuj4uvq0000iz7ftk31mp6o,Dr. Carlos Wunsch,Cristal_Kreiger22@yahoo.com,2025-09-22 02:51:09.782,2025-09-22 02:51:09.782
cmfuj4v240001iz7fabhpz8y4,Earnest Jones,Ofelia_Grady@yahoo.com,2025-09-22 02:51:09.782,2025-09-22 02:51:09.782
cmfuj4v260002iz7fud84hwww,Casey Kirlin,Lazaro69@hotmail.com,2025-09-22 02:51:09.782,2025-09-22 02:51:09.782
cmfuj4v2e0003iz7fnsp6a56v,Greg Kuvalis,Rosella.Heathcote83@gmail.com,2025-09-22 02:51:09.782,2025-09-22 02:51:09.782
cmfuj4v2e0004iz7ft4yi8xw2,Dr. Andrew Koelpin,Sammie38@yahoo.com,2025-09-22 02:51:09.782,2025-09-22 02:51:09.782
cmfuj4v2g0005iz7farnivnxz,Lorena Maggio V,Janelle.Gusikowski82@hotmail.com,2025-09-22 02:51:09.782,2025-09-22 02:51:09.782
cmfuj4v2z0006iz7fjfrnv2oj,Hope Marquardt,Doris36@yahoo.com,2025-09-22 02:51:09.782,2025-09-22 02:51:09.782
cmfuj4v370007iz7faxo7pr2c,Krystal Hoppe,Antoinette67@gmail.com,2025-09-22 02:51:09.782,2025-09-22 02:51:09.782
cmfuj4v380008iz7fhlhuk0qs,Jeannette Hermiston,Lamar.Wolf54@hotmail.com,2025-09-22 02:51:09.782,2025-09-22 02:51:09.782
cmfuj4v390009iz7fpooywk8b,Kerry Windler,Eli.Stehr@hotmail.com,2025-09-22 02:51:09.782,2025-09-22 02:51:09.782